{
  "time": [
    "2015-10-23",
    "2015-10-26",
    "2015-11-26",
    "2015-11-27",
    "2015-11-30",
    "2015-12-04",
    "2015-12-05",
    "2015-12-08",
    "2015-12-10",
    "2015-12-11",
    "2015-12-14",
    "2015-12-16",
    "2016-01-19",
    "2016-01-25",
    "2016-02-24",
    "2016-02-27",
    "2016-03-01",
    "2016-03-02",
    "2016-03-08",
    "2016-03-09",
    "2016-03-21",
    "2016-04-01",
    "2016-04-06",
    "2016-05-20",
    "2016-05-21",
    "2016-05-27",
    "2016-06-06",
    "2016-07-11",
    "2016-08-08",
    "2016-08-30",
    "2016-09-21",
    "2016-11-28",
    "2016-12-18",
    "2016-12-19",
    "2017-06-16",
    "2017-06-21",
    "2017-07-05",
    "2017-07-07",
    "2017-07-10",
    "2017-07-27",
    "2017-07-28"
  ],
  "insertions": [
    14273,
    1143,
    0,
    36882,
    8,
    15652,
    695,
    85,
    6,
    2,
    8,
    0,
    2,
    1373,
    75352,
    54338,
    1255,
    46,
    6883,
    96,
    1,
    3116,
    0,
    0,
    80,
    2139128,
    0,
    23,
    1390,
    3,
    2,
    5,
    224812,
    215063,
    1,
    5847,
    8608,
    36753316,
    148541,
    125562,
    4
  ],
  "deletions": [
    485,
    1184,
    0,
    38742,
    2,
    0,
    536,
    19188945,
    5,
    2,
    3,
    2,
    1,
    0,
    0,
    427731,
    0,
    9,
    20214,
    96,
    1,
    3078,
    0,
    0,
    1,
    3,
    72,
    5,
    444,
    0,
    0,
    0,
    28815,
    26752,
    0,
    3551,
    5736,
    0,
    13928,
    62,
    3
  ],
  "branchName": [
    "master",
    "TVOS_DEV"
  ],
  "branchNum": [
    36,
    53
  ],
  "projectName": [
    "TVOS/TVOS2.0",
    "test/Testing",
    "TVOS/TVOS2/test",
    "TVOS/TVOS2/platform/android",
    "TVOS/TVOS_V2.0",
    "TVOS/TVOS2/device/hisilicon",
    "test/auto",
    "TVOS/TVOS2/component/dtv",
    "TVOS/TVOS2/platform/linux_h5",
    "TVOS/TVOS2/device/hal/hci",
    "TVOS/TVOS2/kernel",
    "TVOS/TVOS2/component/payment",
    "TVOS/TVOS2/component/gstreamer",
    "TVOS/TVOS2/component/netmanager",
    "TVOS/TVOS2/device/mstar",
    "TVOS/Repo_tools/manifest",
    "TVOS/TVOS2/app",
    "TVOS/TVOS2/doc",
    "TVOS/TVOS2/framework/ngb-j",
    "TVOS/TVOS2/component/appman",
    "TVOS/TVOS2/component/weblink"
  ],
  "projectNum": [
    5,
    16,
    9,
    11,
    6,
    4,
    4,
    3,
    6,
    1,
    2,
    1,
    5,
    4,
    2,
    1,
    3,
    2,
    1,
    2,
    1
  ]
}