{
  "time": [
    "2015-09-30",
    "2015-10-13",
    "2015-10-26",
    "2015-11-05",
    "2016-04-22",
    "2016-05-03",
    "2016-05-18",
    "2016-08-11",
    "2017-01-25",
    "2017-03-25",
    "2017-04-28",
    "2017-05-15",
    "2017-06-09",
    "2017-06-21",
    "2017-06-26",
    "2017-07-05",
    "2017-07-09",
    "2017-07-11"
  ],
  "insertions": [
    0,
    0,
    13747,
    1094,
    2722,
    2,
    282,
    1003,
    979,
    698,
    0,
    0,
    48,
    682,
    4,
    6,
    8,
    8638
  ],
  "deletions": [
    0,
    0,
    0,
    1112,
    4,
    0,
    21,
    161,
    0,
    495,
    1189,
    0,
    264,
    317,
    0,
    6,
    8,
    1
  ],
  "branchName": [
    "master",
    "TVOS_DEV"
  ],
  "branchNum": [
    5,
    22
  ],
  "projectName": [
    "test/Testing",
    "TVOS/TVOS2.0",
    "TVOS/TVOS_V2.0",
    "TVOS/TVOS2/component/drm",
    "TVOS/TVOS2/test",
    "TVOS/TVOS2/component/gstreamer",
    "TVOS/TVOS2/platform/android",
    "TVOS/TVOS2/framework/ngb-h",
    "TVOS/TVOS2/device/hisilicon",
    "TVOS/TVOS2/component/EventManager",
    "TVOS/TVOS2/framework/ngb-j",
    "TVOS/TVOS2/device/zhaoxin",
    "TVOS/TVOS2/app"
  ],
  "projectNum": [
    3,
    1,
    1,
    3,
    1,
    2,
    2,
    3,
    3,
    2,
    4,
    1,
    1
  ]
}